,你怎么变成异常了[流汗],收到,宁宁,我今晚回去发给你哈,太尴尬了,宁宁 我想要个头图 类似于这种,是的,好的,宁宁 你外套能给我穿下吗 我感觉我要吹感冒了.......,宁宁 咱们这周推文改了 送优惠券 ,需要一个头图,是的 ,看看能不能设计个 我也没有好的案例,好的 你最棒啦,我想下,618第一波优惠来了！,明天你来我有伴儿了,每周六都是我自己,对 我家漏水了,哈哈哈哈,那等详情我小改一下 你做你的今天 我做的以后再改吧,改的改的,这怎么看尺寸 就知道1:1,"1图：【宝宝馋了】让宝宝吃的更健康~
五种口味，多重营养


2图：香香脆脆，无添加剂，无盐少糖，遇水即化，方便携带
3图：营养成分表

4图；香精×  色素×   防腐剂× 添加剂x
5图：0.6cm小个头，锻炼宝宝抓取能力",嗯、、、我想一下哈 618第二波福利来啦~,然后背景跟字体上次那种换一下吧 怕顾客以为我们又发了一遍,我觉得跟上次呼应一下吧 因为我题目要写拼团九块九呀,这个颜色 最好换一下,两篇文章头图一个颜色会混,嗯嗯 可以的 还是得有差别的 红色也行儿童食品这个,因为本来就是二条 显眼一点  就是要让他们觉得危险 因为本身就是一个危险的话题,嗯嗯,因为图上的字表达的比较少 信息 所以用颜色强调一下,最好上面也加上宝宝馋了的标志噶,不让她们盗你的图,正好需要,看我刚才自己拍的,太low了,耶耶耶,没咋 本来要改 兔子又说不改了,？,我又带身份证,没带,希望他今天别来,啊哈哈哈,"掌柜说
对于奶豆来说，我们的目标就是一定要做出一款无添加剂，无香精，能让宝宝放心大口吃的奶豆！

为此我还特别去了趟日本考察，在日本的母婴店有很多奶豆零食，但大多都很硬，每一种的添加剂都不少。

所以回国之后我就马上找到了工厂研究配方，既不能太甜，还要有天然的奶香味。

样品第一版我还特别做了产品试吃活动，大多宝妈都是一致好评，这又给我了动力。

针对几位宝妈发来的意见，工厂再一次调整配方，终于把这款安心的小奶豆呈现在你的面前。

我们的用心，希望宝宝喜欢~",反正是我写的那版,兔子看过的,好 ,你那儿有奶豆的融化视频吗,我们拿来发朋友圈呀,可以啊~,之后咱们再拍个正式的吧,[跳跳],宁宁 这张图麻烦帮我改一下,三人拼团,每人限拼一次,限量500团，团完即止,再加一个规则哈,收到 速度啊,这个也得改一下哈 就跟上面改的一样就行,兔子说 改两人拼团[捂脸],限量750团 团完即止,？ 好的,你好,商城里虾皮香菇粉要70多，淘宝上才40,会员也要50多呢,哦哦 可以要一罐吗,会员怎么办,买了呦,宁宁你还在单位吗,我买的虾片没到,其它的都到了,一个冰袋都没有,这些都是没添加的吧,这些零食是不是零添加,好,虾片怎么没到,芝麻酱买给宝宝吃，怎么吃呢？,我想了解一下,芝麻酱，你们是不是炒过了？才研磨的，那宝宝吃的就上火了呀？,还没吃,嗯，谢谢,嗯。,我什么时候在你家买了啥东西。我忘了,忘记了,淘宝嘛,很好呀,入去了，关注了,对，成功了,好👌 ,[皱眉]我已经忘记买了什么了,应该没有,哦哦,恩恩，我想问一周岁不到的可以吃干贝了？,应该是虾皮,爱吃，,快吃没啦，,吃没继续买[坏笑],会员有啥优势阿？
0,负样本0.00,负样本0.02,负样本0.01,负样本0.00,负样本0.00,负样本0.00,负样本0.41,正样本1.00,负样本0.07,负样本0.22,负样本0.00,负样本0.01,负样本0.00,负样本0.06,负样本0.00,负样本0.00,负样本0.00,负样本0.45,负样本0.00,负样本0.02,负样本0.10,负样本0.17,负样本0.00,正样本0.60,正样本0.65,负样本0.25,正样本0.71,负样本0.00,负样本0.00,负样本0.25,负样本0.15,负样本0.00,负样本0.15,正样本0.82,负样本0.00,负样本0.10,负样本0.00,负样本0.00,负样本0.00,负样本0.00,负样本0.00,负样本0.00,负样本0.00,负样本0.01,负样本0.00,正样本0.86,负样本0.34,负样本0.02,负样本0.36,负样本0.07,负样本0.00,正样本0.98,负样本0.01,负样本0.00,负样本0.00,负样本0.00,负样本0.04,负样本0.01,负样本0.00,负样本0.00,负样本0.10,负样本0.00,负样本0.00,负样本0.01,负样本0.05,正样本0.68,负样本0.00,负样本0.00,负样本0.00,负样本0.00,负样本0.00,负样本0.00,负样本0.01,负样本0.00,负样本0.00,负样本0.00,正样本1.00,负样本0.00,负样本0.00,负样本0.00,负样本0.04,负样本0.00,正样本0.99,负样本0.01,负样本0.03,正样本0.78,负样本0.00,正样本0.94,负样本0.01,负样本0.01,正样本0.54,负样本0.01,负样本0.00,负样本0.00,负样本0.05,负样本0.00,负样本0.00,负样本0.00,负样本0.00,负样本0.00
